idRepo,name,full_name,idOwner,htmlUrl,repoDescription,created_at,updated_at,pushed_at,stars,forks,issues,subscribers,idUser,loginUserGit,avatarUser,urlUser
94360913,kiwix-js-windows,kiwix/kiwix-js-windows,826219,https://github.com/kiwix/kiwix-js-windows,"Kiwix JS Offline Wikipedia app packaged as PWA, Electron, NWJS and Universal Windows Platform (tablet/mobile/PC/Xbox)",2017-06-14T18:23:50Z,2021-05-28T13:26:36Z,2021-05-28T13:26:34Z,26,11,25,7,826219,kiwix,https://avatars.githubusercontent.com/u/826219?v=4,https://github.com/kiwix
48009214,react-native-windows,microsoft/react-native-windows,6154722,https://github.com/microsoft/react-native-windows,A framework for building native Windows apps with React.,2015-12-15T00:16:54Z,2021-05-28T21:08:05Z,2021-05-28T22:10:27Z,13549,1013,596,305,6154722,microsoft,https://avatars.githubusercontent.com/u/6154722?v=4,https://github.com/microsoft
264707175,letter-quest-solver,Meszerus/letter-quest-solver,7505645,https://github.com/Meszerus/letter-quest-solver,"Gameplay solver and achievement hunting tool for the Xbox One video-game ""Letter Quest: Grimm's Journey Remastered""",2020-05-17T16:14:26Z,2021-05-28T13:39:21Z,2021-05-28T13:39:18Z,0,0,0,1,7505645,Meszerus,https://avatars.githubusercontent.com/u/7505645?v=4,https://github.com/Meszerus
338863302,OpenMBU,MBU-Team/OpenMBU,79056022,https://github.com/MBU-Team/OpenMBU,A reverse engineered version of Marble Blast Ultra from Xbox 360,2021-02-14T17:41:11Z,2021-05-29T00:58:07Z,2021-05-29T00:58:05Z,9,4,36,5,79056022,MBU-Team,https://avatars.githubusercontent.com/u/79056022?v=4,https://github.com/MBU-Team
289974186,games,LitoMore/games,8186898,https://github.com/LitoMore/games,üéÆ List of video games I already own,2020-08-24T16:01:46Z,2021-05-28T13:55:12Z,2021-05-28T13:55:09Z,7,2,0,1,8186898,LitoMore,https://avatars.githubusercontent.com/u/8186898?v=4,https://github.com/LitoMore
61335563,DirectXTK12,microsoft/DirectXTK12,6154722,https://github.com/microsoft/DirectXTK12,The DirectX Tool Kit (aka DirectXTK12) is a collection of helper classes for writing DirectX 12 code in C++,2016-06-17T00:54:50Z,2021-05-28T20:02:26Z,2021-05-28T20:02:22Z,803,190,11,100,6154722,microsoft,https://avatars.githubusercontent.com/u/6154722?v=4,https://github.com/microsoft
370974328,app-list-for-homebridge-smartglass,PewDieMelon/app-list-for-homebridge-smartglass,74740271,https://github.com/PewDieMelon/app-list-for-homebridge-smartglass,A list to help configure apps and games. Make them show up as Xbox device status in Homebridge!,2021-05-26T09:15:17Z,2021-05-28T09:07:54Z,2021-05-28T09:07:52Z,2,0,0,1,74740271,PewDieMelon,https://avatars.githubusercontent.com/u/74740271?v=4,https://github.com/PewDieMelon
2581217,nulldc-360,gligli/nulldc-360,524324,https://github.com/gligli/nulldc-360,Port of the Dreamcast emulator nullDC to the Xbox 360,2011-10-15T10:21:16Z,2021-05-28T11:22:44Z,2021-05-28T11:22:40Z,19,12,0,5,524324,gligli,https://avatars.githubusercontent.com/u/524324?v=4,https://github.com/gligli
144102678,XJoy,sam0x17/XJoy,1855021,https://github.com/sam0x17/XJoy,Use Nintendo Switch JoyCons as a virtual Xbox 360 controller in Windows,2018-08-09T04:57:33Z,2021-05-28T17:49:11Z,2021-05-28T17:49:08Z,234,30,21,10,1855021,sam0x17,https://avatars.githubusercontent.com/u/1855021?v=4,https://github.com/sam0x17
358259988,webvXbox,byter11/webvXbox,55991791,https://github.com/byter11/webvXbox,Use your phone browser as a virtual xbox controller,2021-04-15T12:58:12Z,2021-05-28T12:57:15Z,2021-05-28T12:57:13Z,2,0,0,1,55991791,byter11,https://avatars.githubusercontent.com/u/55991791?v=4,https://github.com/byter11
1953573,mupen64-360,gligli/mupen64-360,524324,https://github.com/gligli/mupen64-360,"Port of the N64 emulator Mupen64 on the XBOX 360, actually a port of Wii64",2011-06-25T20:50:21Z,2021-05-28T11:25:22Z,2021-05-28T11:25:18Z,28,11,3,9,524324,gligli,https://avatars.githubusercontent.com/u/524324?v=4,https://github.com/gligli
55772388,Cxbx-Reloaded,Cxbx-Reloaded/Cxbx-Reloaded,24608560,https://github.com/Cxbx-Reloaded/Cxbx-Reloaded,Xbox (Original) Emulator,2016-04-08T10:56:52Z,2021-05-28T14:54:34Z,2021-05-28T15:10:15Z,1560,227,218,167,24608560,Cxbx-Reloaded,https://avatars.githubusercontent.com/u/24608560?v=4,https://github.com/Cxbx-Reloaded
289302793,included-with-xbox-game-pass,Zhouzi/included-with-xbox-game-pass,2291025,https://github.com/Zhouzi/included-with-xbox-game-pass,Browser extension bringing the Xbox Game Pass to Steam.,2020-08-21T15:26:59Z,2021-05-28T09:49:48Z,2021-05-28T09:50:56Z,3,1,2,1,2291025,Zhouzi,https://avatars.githubusercontent.com/u/2291025?v=4,https://github.com/Zhouzi
360722551,xbox-shopper.github.io,xbox-shopper/xbox-shopper.github.io,82483485,https://github.com/xbox-shopper/xbox-shopper.github.io,Xbox Shopper,2021-04-23T00:56:30Z,2021-05-28T11:12:45Z,2021-05-28T11:12:43Z,0,0,0,1,82483485,xbox-shopper,https://avatars.githubusercontent.com/u/82483485?v=4,https://github.com/xbox-shopper
89627991,CtrlUI,dumbie/CtrlUI,1974778,https://github.com/dumbie/CtrlUI,"CtrlUI (Controller User Interface) is a Windows application, game and emulator launcher for your game controller, DirectXInput converts your game controller to a Xbox (XInput) controller, Fps Overlayer is a tool that shows the frames per second and the cpu, gpu and memory information.",2017-04-27T18:25:08Z,2021-05-29T02:07:21Z,2021-05-28T09:08:45Z,8,4,0,3,1974778,dumbie,https://avatars.githubusercontent.com/u/1974778?v=4,https://github.com/dumbie
262582417,XboxAPI-Wrapper,dragondev/XboxAPI-Wrapper,62000209,https://github.com/dragondev/XboxAPI-Wrapper,,2020-05-09T13:56:52Z,2021-05-28T06:15:41Z,2021-05-28T06:15:38Z,1,0,0,1,62000209,dragondev,https://avatars.githubusercontent.com/u/62000209?v=4,https://github.com/dragondev
369485188,roomba_flamethrower,AlfredoSequeida/roomba_flamethrower,18052272,https://github.com/AlfredoSequeida/roomba_flamethrower,Raspberry Pi Zero W powered Roomba Flamethrower controlled by an Xbox One Controller. ,2021-05-21T09:35:04Z,2021-05-29T01:00:29Z,2021-05-28T09:03:47Z,2,0,0,1,18052272,AlfredoSequeida,https://avatars.githubusercontent.com/u/18052272?v=4,https://github.com/AlfredoSequeida
275896567,HaloAchievementTracker,dannil/HaloAchievementTracker,7290072,https://github.com/dannil/HaloAchievementTracker,Tracks misaligned achievements between Steam and Halo Waypoint (Xbox Live) for Halo: The Master Chief Collection,2020-06-29T18:34:54Z,2021-05-28T05:42:46Z,2021-05-28T05:46:16Z,1,0,9,1,7290072,dannil,https://avatars.githubusercontent.com/u/7290072?v=4,https://github.com/dannil
309191418,ambie,jenius-apps/ambie,49069850,https://github.com/jenius-apps/ambie,"A simple, elegant white noise app for Xbox and Windows",2020-11-01T21:26:12Z,2021-05-28T05:13:29Z,2021-05-28T15:51:30Z,301,42,20,7,49069850,jenius-apps,https://avatars.githubusercontent.com/u/49069850?v=4,https://github.com/jenius-apps
371582073,star-war-game,aditya270520/star-war-game,75534658,https://github.com/aditya270520/star-war-game,"This star war game is made by the help of python language,python libraries, and python turtle ```This is a list of Star Wars video games. Though there have been many hobbyist-made and freeware games based on the Star Wars movie series and brand, this page lists only the games that have been developed or published by LucasArts, or officially licensed by Lucasfilm. Platforms: Arcade, Apple II, Atari 2600, Famicom, Nintendo Entertainment System, Super Nintendo Entertainment System, Nintendo 64, Sega Master System, Sega Dreamcast, Game Gear, GameCube, DOS, Microsoft Windows, Macintosh, Classic Mac OS, macOS, PlayStation, PlayStation 2, PlayStation 3, PlayStation 4, PlayStation Vita, Xbox, Xbox 360, Xbox One, Wii, Wii U, Game Boy, Game Boy Color, Game Boy Advance, Nintendo DS, PlayStation Portable, iOS, Android, Linux, Stadia.```",2021-05-28T04:44:40Z,2021-05-28T04:47:06Z,2021-05-28T04:47:04Z,0,0,0,1,75534658,aditya270520,https://avatars.githubusercontent.com/u/75534658?v=4,https://github.com/aditya270520
193925580,xbox-reversing,emoose/xbox-reversing,1755499,https://github.com/emoose/xbox-reversing,"Small useful Xbox/Xbox360 reverse-engineering tools, scripts, & info.",2019-06-26T14:54:24Z,2021-05-28T01:52:43Z,2021-05-28T01:52:41Z,20,3,0,1,1755499,emoose,https://avatars.githubusercontent.com/u/1755499?v=4,https://github.com/emoose
327236864,xbox-ips-patches,theboy181/xbox-ips-patches,9299743,https://github.com/theboy181/xbox-ips-patches,Game patches for the original Xbox,2021-01-06T07:40:23Z,2021-05-28T01:39:51Z,2021-05-28T01:39:49Z,2,0,0,1,9299743,theboy181,https://avatars.githubusercontent.com/u/9299743?v=4,https://github.com/theboy181
359935007,xboxlp-milestone-1,pedromn0/xboxlp-milestone-1,73130618,https://github.com/pedromn0/xboxlp-milestone-1,,2021-04-20T19:53:38Z,2021-05-27T22:38:58Z,2021-05-27T22:38:56Z,0,0,0,1,73130618,pedromn0,https://avatars.githubusercontent.com/u/73130618?v=4,https://github.com/pedromn0
367711823,xow-install-script,cWashington91/xow-install-script,83892799,https://github.com/cWashington91/xow-install-script,An automated install script for the Xbox One Wireless driver (xow),2021-05-15T19:13:43Z,2021-05-27T23:02:57Z,2021-05-27T23:02:55Z,0,0,0,1,83892799,cWashington91,https://avatars.githubusercontent.com/u/83892799?v=4,https://github.com/cWashington91
148846581,xbox-clips,aaron-bond/xbox-clips,14099631,https://github.com/aaron-bond/xbox-clips,,2018-09-14T22:09:43Z,2021-05-27T21:48:57Z,2021-05-27T21:48:54Z,0,0,13,2,14099631,aaron-bond,https://avatars.githubusercontent.com/u/14099631?v=4,https://github.com/aaron-bond
338395414,xbox-uptime,pauliver/xbox-uptime,4483419,https://github.com/pauliver/xbox-uptime,"üìà Uptime monitor and status page for Paul Oliver, powered by @upptime",2021-02-12T18:06:28Z,2021-05-29T00:15:31Z,2021-05-29T01:34:55Z,0,0,0,1,4483419,pauliver,https://avatars.githubusercontent.com/u/4483419?v=4,https://github.com/pauliver
7550637,xenia,xenia-project/xenia,12565762,https://github.com/xenia-project/xenia,Xbox 360 Emulator Research Project ,2013-01-10T23:20:45Z,2021-05-28T23:19:51Z,2021-05-28T21:46:10Z,4938,684,219,430,12565762,xenia-project,https://avatars.githubusercontent.com/u/12565762?v=4,https://github.com/xenia-project
317214930,GamePassScores,XeonKHJ/GamePassScores,36537326,https://github.com/XeonKHJ/GamePassScores,‰∏ÄÊ¨æÁî®Êù•Âø´ÈÄüÊü•Xbox Game PassÊ∏∏ÊàèÁöÑMetascoreÁöÑÂ∫îÁî®„ÄÇ,2020-11-30T12:21:06Z,2021-05-27T20:30:30Z,2021-05-27T20:30:27Z,7,2,1,1,36537326,XeonKHJ,https://avatars.githubusercontent.com/u/36537326?v=4,https://github.com/XeonKHJ
93995266,libHttpClient,microsoft/libHttpClient,6154722,https://github.com/microsoft/libHttpClient,"libHttpClient provides a platform abstraction layer for HTTP and WebSocket, and is designed for use by the Microsoft Xbox Live Service API (XSAPI) [https://github.com/Microsoft/xbox-live-api] and game devs.  If you want to contribute to the project, please talk to us to avoid overlap.",2017-06-11T09:45:05Z,2021-05-27T17:31:18Z,2021-05-27T17:31:14Z,201,104,4,26,6154722,microsoft,https://avatars.githubusercontent.com/u/6154722?v=4,https://github.com/microsoft
368658037,TCS-Save-Checksum-Updater,PollyPlayz/TCS-Save-Checksum-Updater,74987674,https://github.com/PollyPlayz/TCS-Save-Checksum-Updater,A tool for recalculating and replacing the checksums for save files found in LEGO Star Wars: The Complete Saga PC/Wii/Xbox 360/PS3,2021-05-18T20:26:43Z,2021-05-27T14:43:34Z,2021-05-27T14:43:31Z,2,1,1,1,74987674,PollyPlayz,https://avatars.githubusercontent.com/u/74987674?v=4,https://github.com/PollyPlayz
351248664,Gamr13.github.io,Gamr13/Gamr13.github.io,48205338,https://github.com/Gamr13/Gamr13.github.io,"Website containing access to Xbox homebrew applications such as RetroArch, PPSPP and more.",2021-03-24T23:11:39Z,2021-05-27T16:35:36Z,2021-05-27T16:35:33Z,1,0,0,2,48205338,Gamr13,https://avatars.githubusercontent.com/u/48205338?v=4,https://github.com/Gamr13
78488082,xbox-live-developer-tools,microsoft/xbox-live-developer-tools,6154722,https://github.com/microsoft/xbox-live-developer-tools,The Microsoft Xbox Live Developer Tools enables game developers to create their own tools for the Xbox Live service and access ones created by Microsoft.,2017-01-10T02:05:33Z,2021-05-28T19:05:38Z,2021-05-27T14:18:04Z,70,47,3,27,6154722,microsoft,https://avatars.githubusercontent.com/u/6154722?v=4,https://github.com/microsoft
371289568,xbox-series-x-ui,KennethMurugu/xbox-series-x-ui,19547226,https://github.com/KennethMurugu/xbox-series-x-ui,Xbox Series X dashboard built using JavaScript :smile:,2021-05-27T07:47:02Z,2021-05-27T12:04:49Z,2021-05-27T12:04:47Z,0,0,0,1,19547226,KennethMurugu,https://avatars.githubusercontent.com/u/19547226?v=4,https://github.com/KennethMurugu
370790813,xbox-card-react,piotrxyz/xbox-card-react,52249619,https://github.com/piotrxyz/xbox-card-react,üéÆ Xbox shopping card made with React.,2021-05-25T18:25:52Z,2021-05-27T15:43:13Z,2021-05-27T11:44:14Z,0,0,0,1,52249619,piotrxyz,https://avatars.githubusercontent.com/u/52249619?v=4,https://github.com/piotrxyz
303173012,game-patches,xenia-canary/game-patches,53588623,https://github.com/xenia-canary/game-patches,Game Patches for the Xenia Emulator.,2020-10-11T17:15:54Z,2021-05-27T04:36:08Z,2021-05-27T04:36:06Z,24,5,1,7,53588623,xenia-canary,https://avatars.githubusercontent.com/u/53588623?v=4,https://github.com/xenia-canary
343554373,AzureXboxScripts,Nun-z/AzureXboxScripts,54733172,https://github.com/Nun-z/AzureXboxScripts,This repository contains Azure Pipeline scripts to automate the process of compilation and package creation.,2021-03-01T20:55:51Z,2021-05-26T23:49:22Z,2021-05-26T23:49:20Z,0,0,0,1,54733172,Nun-z,https://avatars.githubusercontent.com/u/54733172?v=4,https://github.com/Nun-z
99400117,rom-properties,GerbilSoft/rom-properties,6764716,https://github.com/GerbilSoft/rom-properties,ROM Properties Page shell extension,2017-08-05T04:54:33Z,2021-05-27T23:20:03Z,2021-05-26T23:32:50Z,217,24,84,24,6764716,GerbilSoft,https://avatars.githubusercontent.com/u/6764716?v=4,https://github.com/GerbilSoft
369154857,Dongle_Dumper,Ryzee119/Dongle_Dumper,21236406,https://github.com/Ryzee119/Dongle_Dumper,Dump the ROM from an Original Xbox DVD Movie Playback IR Dongle,2021-05-20T09:35:36Z,2021-05-26T22:12:48Z,2021-05-26T22:12:45Z,6,0,0,2,21236406,Ryzee119,https://avatars.githubusercontent.com/u/21236406?v=4,https://github.com/Ryzee119
48426404,nxdk,XboxDev/nxdk,40582938,https://github.com/XboxDev/nxdk,"The cross-platform, open-source SDK to develop for original Xbox: *new* xdk",2015-12-22T10:43:15Z,2021-05-26T22:26:04Z,2021-05-26T22:26:01Z,208,37,94,30,40582938,XboxDev,https://avatars.githubusercontent.com/u/40582938?v=4,https://github.com/XboxDev
185575954,LoS-Mod_Files_X,lost-legacy-team/LoS-Mod_Files_X,50402935,https://github.com/lost-legacy-team/LoS-Mod_Files_X,Mod Files for the Xbox 360 version of Sonic '06 mod; Legacy of Solaris.,2019-05-08T09:35:19Z,2021-05-26T21:49:53Z,2021-05-26T21:49:51Z,18,4,2,10,50402935,lost-legacy-team,https://avatars.githubusercontent.com/u/50402935?v=4,https://github.com/lost-legacy-team
1313517,jngl,jhasse/jngl,80071,https://github.com/jhasse/jngl,Easy to use cross-platform 2D game library for C++,2011-01-31T20:07:16Z,2021-05-26T19:52:57Z,2021-05-26T19:52:54Z,17,1,8,5,80071,jhasse,https://avatars.githubusercontent.com/u/80071?v=4,https://github.com/jhasse
164172074,NeoModsX,ohhsodead/NeoModsX,17911431,https://github.com/ohhsodead/NeoModsX,"Browse, Download and Install Mods for PlayStation 3 & Xbox 360",2019-01-05T01:48:33Z,2021-05-26T18:16:01Z,2021-05-26T18:15:58Z,32,4,1,7,17911431,ohhsodead,https://avatars.githubusercontent.com/u/17911431?v=4,https://github.com/ohhsodead
275216383,xbox2local,jdaymude/xbox2local,44209063,https://github.com/jdaymude/xbox2local,A command line utility for downloading Xbox screenshots and game clips to local storage,2020-06-26T17:55:19Z,2021-05-26T15:18:35Z,2021-05-26T15:18:32Z,0,1,4,1,44209063,jdaymude,https://avatars.githubusercontent.com/u/44209063?v=4,https://github.com/jdaymude
52809976,kinect-climbing,NickCrews/kinect-climbing,10820686,https://github.com/NickCrews/kinect-climbing,"Uses an Xbox Kinect, Python, NumPy, and OpenCV2 to detect climbers and holds on an indoor rock-climbing wall.",2016-02-29T17:32:31Z,2021-05-26T16:35:42Z,2021-05-26T16:35:40Z,3,0,0,2,10820686,NickCrews,https://avatars.githubusercontent.com/u/10820686?v=4,https://github.com/NickCrews
105600991,The-Forge,ConfettiFX/The-Forge,18152936,https://github.com/ConfettiFX/The-Forge,"The Forge Cross-Platform Rendering Framework PC Windows, Linux, Ray Tracing, macOS / iOS, Android, XBOX, PS4, PS5, Switch",2017-10-03T00:57:45Z,2021-05-28T13:27:05Z,2021-05-26T15:33:45Z,2374,239,9,160,18152936,ConfettiFX,https://avatars.githubusercontent.com/u/18152936?v=4,https://github.com/ConfettiFX
323787712,DayZ-Console-Killfeed,Vislate/DayZ-Console-Killfeed,51069550,https://github.com/Vislate/DayZ-Console-Killfeed,Basic DayZ Killfeed for PS4/Xbox Nitrado Servers,2020-12-23T03:00:23Z,2021-05-25T00:42:36Z,2021-05-21T05:29:49Z,5,2,0,2,51069550,Vislate,https://avatars.githubusercontent.com/u/51069550?v=4,https://github.com/Vislate
369422136,Gridiron,RM13-Pixel/Gridiron,81456455,https://github.com/RM13-Pixel/Gridiron,A gridiron football minigame played using an Xbox controller.,2021-05-21T05:22:40Z,2021-05-21T05:28:55Z,2021-05-21T05:28:53Z,0,0,0,1,81456455,RM13-Pixel,https://avatars.githubusercontent.com/u/81456455?v=4,https://github.com/RM13-Pixel
58810391,DiscImageCreator,saramibreak/DiscImageCreator,19361719,https://github.com/saramibreak/DiscImageCreator,"This is the disc (CD, GD, DVD, HD-DVD, BD, GC/Wii, XBOX, XBOX 360) and disk (Floppy, MO, USB etc) image creation tool",2016-05-14T13:52:41Z,2021-05-25T18:32:49Z,2021-05-21T05:21:21Z,250,26,15,24,19361719,saramibreak,https://avatars.githubusercontent.com/u/19361719?v=4,https://github.com/saramibreak
41184715,extract-xiso,XboxDev/extract-xiso,40582938,https://github.com/XboxDev/extract-xiso,Xbox ISO Creation/Extraction utility. Imported from SourceForge.,2015-08-22T01:25:34Z,2021-05-24T06:14:31Z,2021-05-26T12:08:51Z,143,28,16,15,40582938,XboxDev,https://avatars.githubusercontent.com/u/40582938?v=4,https://github.com/XboxDev
369294266,XboxLive-Auth,Fweak/XboxLive-Auth,33170633,https://github.com/Fweak/XboxLive-Auth,Rewrite of @xbox-replay/xboxlive-auth,2021-05-20T17:53:54Z,2021-05-27T21:01:46Z,2021-05-20T18:05:37Z,2,0,0,1,33170633,Fweak,https://avatars.githubusercontent.com/u/33170633?v=4,https://github.com/Fweak
262442278,xbox-xgu-examples,Voxel9/xbox-xgu-examples,16278868,https://github.com/Voxel9/xbox-xgu-examples,GPU-accelerated graphics samples for original Xbox using nxdk and xgu,2020-05-08T22:34:49Z,2021-05-20T23:40:58Z,2021-05-20T23:40:55Z,10,2,3,4,16278868,Voxel9,https://avatars.githubusercontent.com/u/16278868?v=4,https://github.com/Voxel9
189541306,BedrockConnect,Pugmatt/BedrockConnect,6006328,https://github.com/Pugmatt/BedrockConnect,"Join any Bedrock Edition server IP on Xbox One, Nintendo Switch, and PS4",2019-05-31T06:37:28Z,2021-05-27T12:49:02Z,2021-05-20T18:03:05Z,444,54,51,34,6006328,Pugmatt,https://avatars.githubusercontent.com/u/6006328?v=4,https://github.com/Pugmatt
369168987,rmp-xbox,radiantmediaplayer/rmp-xbox,18260893,https://github.com/radiantmediaplayer/rmp-xbox,A demo app for using Radiant Media Player in a Xbox UWP app,2021-05-20T10:27:56Z,2021-05-20T10:32:18Z,2021-05-20T10:28:46Z,1,0,0,1,18260893,radiantmediaplayer,https://avatars.githubusercontent.com/u/18260893?v=4,https://github.com/radiantmediaplayer
367610158,Xbox_mokup,Nikelz/Xbox_mokup,67783056,https://github.com/Nikelz/Xbox_mokup,Responsive Landing page - HTML/CSS/JS,2021-05-15T11:09:17Z,2021-05-20T14:13:58Z,2021-05-20T14:13:55Z,0,0,0,1,67783056,Nikelz,https://avatars.githubusercontent.com/u/67783056?v=4,https://github.com/Nikelz
368672026,iLostMyXbox21.github.io,iLostMyXbox21/iLostMyXbox21.github.io,58087669,https://github.com/iLostMyXbox21/iLostMyXbox21.github.io,github.io,2021-05-18T21:35:27Z,2021-05-19T21:44:17Z,2021-05-19T21:44:15Z,0,0,0,1,58087669,iLostMyXbox21,https://avatars.githubusercontent.com/u/58087669?v=4,https://github.com/iLostMyXbox21
368948433,servers,Refaltor77/servers,77900181,https://github.com/Refaltor77/servers,"Very useful for ps4/ xbox/ switch players, this plugin mimics a server manager",2021-05-19T17:23:45Z,2021-05-19T17:25:42Z,2021-05-19T17:25:40Z,0,0,0,1,77900181,Refaltor77,https://avatars.githubusercontent.com/u/77900181?v=4,https://github.com/Refaltor77
46014677,pygame-xbox360controller,joncoop/pygame-xbox360controller,12698453,https://github.com/joncoop/pygame-xbox360controller,,2015-11-11T22:47:25Z,2021-05-19T14:29:44Z,2021-05-19T14:29:42Z,24,7,1,3,12698453,joncoop,https://avatars.githubusercontent.com/u/12698453?v=4,https://github.com/joncoop
368843543,DayZConsoleNitradoAdministrationBot,nxck69/DayZConsoleNitradoAdministrationBot,83879796,https://github.com/nxck69/DayZConsoleNitradoAdministrationBot,Server Administration Discord Bot for DayZ Console Nitrado Servers,2021-05-19T11:20:51Z,2021-05-19T14:19:02Z,2021-05-19T14:17:36Z,0,0,0,1,83879796,nxck69,https://avatars.githubusercontent.com/u/83879796?v=4,https://github.com/nxck69
188099689,XboxFtpUploader,nrjohnstone/XboxFtpUploader,6700819,https://github.com/nrjohnstone/XboxFtpUploader,Small commandline utility to make it easier to transferred zipped games to a modded original XBOX running XBMC,2019-05-22T19:18:31Z,2021-05-19T12:09:49Z,2021-05-19T12:09:47Z,0,0,0,0,6700819,nrjohnstone,https://avatars.githubusercontent.com/u/6700819?v=4,https://github.com/nrjohnstone
368530198,xboxseriesr,paduction/xboxseriesr,576577,https://github.com/paduction/xboxseriesr,Fichiers permettant de contr√¥ler les LED de la matrice du projet Xbox Series R.,2021-05-18T12:57:03Z,2021-05-19T06:01:18Z,2021-05-19T06:01:15Z,0,0,0,1,576577,paduction,https://avatars.githubusercontent.com/u/576577?v=4,https://github.com/paduction
368241204,libxml2Box,AsayuGit/libxml2Box,33671529,https://github.com/AsayuGit/libxml2Box,An OG Xbox port of libxml2,2021-05-17T15:48:53Z,2021-05-18T19:41:24Z,2021-05-18T19:41:21Z,0,0,0,1,33671529,AsayuGit,https://avatars.githubusercontent.com/u/33671529?v=4,https://github.com/AsayuGit
33688642,DirectXTex,microsoft/DirectXTex,6154722,https://github.com/microsoft/DirectXTex,DirectXTex texture processing library,2015-04-09T19:37:02Z,2021-05-26T11:30:24Z,2021-05-28T20:02:03Z,1086,320,29,145,6154722,microsoft,https://avatars.githubusercontent.com/u/6154722?v=4,https://github.com/microsoft
338427624,xbox-api,notbluu/xbox-api,56172613,https://github.com/notbluu/xbox-api,Simple web scraper to get games & prices that are on sale on Xbox.,2021-02-12T20:36:57Z,2021-05-18T22:12:44Z,2021-05-18T22:12:42Z,2,1,0,1,56172613,notbluu,https://avatars.githubusercontent.com/u/56172613?v=4,https://github.com/notbluu
367907846,Xbox360DiscordRichPresence,XeCrypt/Xbox360DiscordRichPresence,30061300,https://github.com/XeCrypt/Xbox360DiscordRichPresence,Discord Rich Presence for Jtag/RGH,2021-05-16T14:45:36Z,2021-05-25T04:14:43Z,2021-05-18T17:49:04Z,2,0,0,2,30061300,XeCrypt,https://avatars.githubusercontent.com/u/30061300?v=4,https://github.com/XeCrypt
368534746,Cadastro-UNSC,LuizFelipeAlvesMaia/Cadastro-UNSC,71887325,https://github.com/LuizFelipeAlvesMaia/Cadastro-UNSC,Projeto voltado a mostrar conhecimento de cadastro de usu√°rios em uma plataforma fict√≠cia do jogo de XBOX HALO,2021-05-18T13:11:08Z,2021-05-18T13:14:26Z,2021-05-18T13:14:22Z,0,0,0,1,71887325,LuizFelipeAlvesMaia,https://avatars.githubusercontent.com/u/71887325?v=4,https://github.com/LuizFelipeAlvesMaia
368375164,xbox-bloatware-remove,Drozeee/xbox-bloatware-remove,84060938,https://github.com/Drozeee/xbox-bloatware-remove,,2021-05-18T02:14:05Z,2021-05-18T02:15:00Z,2021-05-18T02:14:58Z,0,0,0,1,84060938,Drozeee,https://avatars.githubusercontent.com/u/84060938?v=4,https://github.com/Drozeee
368319568,xbLive-Challenge-Handler,CWest07/xbLive-Challenge-Handler,53622976,https://github.com/CWest07/xbLive-Challenge-Handler,Dynamically handle Xbox 360 code challenges.,2021-05-17T20:54:41Z,2021-05-23T11:33:00Z,2021-05-17T21:02:33Z,1,0,0,1,53622976,CWest07,https://avatars.githubusercontent.com/u/53622976?v=4,https://github.com/CWest07
214027838,rokuality-java,rokuality/rokuality-java,56275987,https://github.com/rokuality/rokuality-java,"End to End Roku, XBox, Vizio, Tizen TV, LG webOS, and HDMI Device Test Automation Framework in Java",2019-10-09T21:33:32Z,2021-05-17T19:26:08Z,2021-05-17T15:46:24Z,8,1,4,1,56275987,rokuality,https://avatars.githubusercontent.com/u/56275987?v=4,https://github.com/rokuality
241977949,rokuality-js,rokuality/rokuality-js,56275987,https://github.com/rokuality/rokuality-js,"End to End Roku, XBox, Vizio, Tizen TV, LG webOS, and HDMI Device Test Automation Framework in Javascript",2020-02-20T20:03:39Z,2021-05-17T19:26:24Z,2021-05-17T15:43:11Z,0,0,5,1,56275987,rokuality,https://avatars.githubusercontent.com/u/56275987?v=4,https://github.com/rokuality
277742286,cocos2d-x,Greentwip/cocos2d-x,8775376,https://github.com/Greentwip/cocos2d-x,Xbox One port,2020-07-07T07:03:30Z,2021-05-17T19:40:33Z,2021-05-17T19:40:30Z,1,0,0,3,8775376,Greentwip,https://avatars.githubusercontent.com/u/8775376?v=4,https://github.com/Greentwip
219352500,rokuality-csharp,rokuality/rokuality-csharp,56275987,https://github.com/rokuality/rokuality-csharp,"End to End Roku, XBox, Vizio, Tizen TV, LG webOS, and HDMI Device Test Automation Framework in C#",2019-11-03T19:17:16Z,2021-05-17T19:26:42Z,2021-05-17T15:38:38Z,1,0,0,2,56275987,rokuality,https://avatars.githubusercontent.com/u/56275987?v=4,https://github.com/rokuality
215622735,rokuality-python,rokuality/rokuality-python,56275987,https://github.com/rokuality/rokuality-python,"End to End Roku, XBox, Vizio, Tizen TV, LG webOS, and HDMI Device Test Automation Framework in Python",2019-10-16T18:58:25Z,2021-05-17T15:32:43Z,2021-05-17T15:31:54Z,0,1,0,1,56275987,rokuality,https://avatars.githubusercontent.com/u/56275987?v=4,https://github.com/rokuality
280740036,USB_Host_Shield_Library_2.0_BTXBOX,HisashiKato/USB_Host_Shield_Library_2.0_BTXBOX,68432957,https://github.com/HisashiKato/USB_Host_Shield_Library_2.0_BTXBOX,"This is a remodeled ""USB Host Library Revision 2.0 for Arduino"" so that it can be connected to the ""Xbox One S Controller"" via Bluetooth.",2020-07-18T21:09:43Z,2021-05-17T14:52:39Z,2021-05-17T14:52:37Z,6,2,0,4,68432957,HisashiKato,https://avatars.githubusercontent.com/u/68432957?v=4,https://github.com/HisashiKato
227571766,parquet-dotnet,aloneguid/parquet-dotnet,3155189,https://github.com/aloneguid/parquet-dotnet,üê¨ Apache Parquet for modern .Net,2019-12-12T09:44:43Z,2021-05-27T21:35:17Z,2021-05-17T07:44:27Z,121,34,40,2,3155189,aloneguid,https://avatars.githubusercontent.com/u/3155189?v=4,https://github.com/aloneguid
286154325,XboxEra_Userstyle,mgreger/XboxEra_Userstyle,57190835,https://github.com/mgreger/XboxEra_Userstyle,A custom theme for the XboxEra forums.,2020-08-09T02:40:02Z,2021-05-17T01:28:15Z,2021-05-17T01:28:12Z,0,0,0,1,57190835,mgreger,https://avatars.githubusercontent.com/u/57190835?v=4,https://github.com/mgreger
166813608,TizenWebOS,NexPlayer/TizenWebOS,29750037,https://github.com/NexPlayer/TizenWebOS,"Player SDK for Tizen, WebOS, Xbox and PlayStation 5",2019-01-21T12:51:48Z,2021-05-17T13:31:26Z,2021-05-17T13:31:23Z,8,3,0,5,29750037,NexPlayer,https://avatars.githubusercontent.com/u/29750037?v=4,https://github.com/NexPlayer
367961670,xbox-app-clone,dabigjoe6/xbox-app-clone,20970329,https://github.com/dabigjoe6/xbox-app-clone,,2021-05-16T18:52:34Z,2021-05-17T02:02:00Z,2021-05-17T02:01:58Z,0,0,0,1,20970329,dabigjoe6,https://avatars.githubusercontent.com/u/20970329?v=4,https://github.com/dabigjoe6
336936001,BrickGame,N163LPH03N1X/BrickGame,60153405,https://github.com/N163LPH03N1X/BrickGame,Brick Game is a paddle ball prototype inspired by the Xbox live arcade release of Arkanoid.,2021-02-08T02:11:24Z,2021-05-17T03:06:00Z,2021-05-17T03:05:54Z,0,0,0,1,60153405,N163LPH03N1X,https://avatars.githubusercontent.com/u/60153405?v=4,https://github.com/N163LPH03N1X
366975287,solarus-xbox-one,Greentwip/solarus-xbox-one,8775376,https://github.com/Greentwip/solarus-xbox-one,A Solarus Xbox One port,2021-05-13T07:53:14Z,2021-05-21T09:08:27Z,2021-05-16T21:07:30Z,1,0,0,2,8775376,Greentwip,https://avatars.githubusercontent.com/u/8775376?v=4,https://github.com/Greentwip
367863809,rn-xbox,adnaan2328/rn-xbox,59410944,https://github.com/adnaan2328/rn-xbox,,2021-05-16T11:41:59Z,2021-05-16T11:43:15Z,2021-05-16T11:43:12Z,0,0,0,1,59410944,adnaan2328,https://avatars.githubusercontent.com/u/59410944?v=4,https://github.com/adnaan2328
352175495,app-xbox-live,Unbreak4ble/app-xbox-live,77973453,https://github.com/Unbreak4ble/app-xbox-live,Powerful xbox live library for javascript,2021-03-27T20:56:46Z,2021-05-20T01:38:47Z,2021-05-15T20:07:26Z,3,1,0,2,77973453,Unbreak4ble,https://avatars.githubusercontent.com/u/77973453?v=4,https://github.com/Unbreak4ble
180402076,xbl-web-api,Prouser123/xbl-web-api,20697043,https://github.com/Prouser123/xbl-web-api,"A free, open source REST API for Xbox Live. Written in Python 3.7.",2019-04-09T15:54:09Z,2021-05-15T17:39:23Z,2021-05-15T17:39:22Z,4,0,4,0,20697043,Prouser123,https://avatars.githubusercontent.com/u/20697043?v=4,https://github.com/Prouser123
33688704,DirectXTK,microsoft/DirectXTK,6154722,https://github.com/microsoft/DirectXTK,The DirectX Tool Kit (aka DirectXTK) is a collection of helper classes for writing DirectX 11.x code in C++,2015-04-09T19:38:28Z,2021-05-27T11:55:59Z,2021-05-14T03:50:28Z,1787,403,31,216,6154722,microsoft,https://avatars.githubusercontent.com/u/6154722?v=4,https://github.com/microsoft
367232233,Xbox720,C0MPU73R/Xbox720,55300593,https://github.com/C0MPU73R/Xbox720,The Xbox 720 is a soft and hard modded Xbox 360 with a custom firmware and OS. This repository will serve to document the project.,2021-05-14T02:51:40Z,2021-05-14T02:51:43Z,2021-05-14T02:51:41Z,0,0,0,1,55300593,C0MPU73R,https://avatars.githubusercontent.com/u/55300593?v=4,https://github.com/C0MPU73R
33688597,DirectXMesh,microsoft/DirectXMesh,6154722,https://github.com/microsoft/DirectXMesh,DirectXMesh geometry processing library,2015-04-09T19:36:28Z,2021-05-24T08:45:26Z,2021-05-14T02:55:52Z,482,122,7,91,6154722,microsoft,https://avatars.githubusercontent.com/u/6154722?v=4,https://github.com/microsoft
74621487,xbox-live-trace-analyzer,microsoft/xbox-live-trace-analyzer,6154722,https://github.com/microsoft/xbox-live-trace-analyzer,"The Xbox Live Trace Analyzer tool ensures your title is using Xbox Live Services in an optimal fashion. Generate usage logs for your title as described in the Analyze Calls to Xbox Live Services article, and then run this tool to view statistics about repeated calls, burst calls, and more. ",2016-11-23T23:21:08Z,2021-05-13T18:15:26Z,2021-05-13T18:15:29Z,19,27,0,16,6154722,microsoft,https://avatars.githubusercontent.com/u/6154722?v=4,https://github.com/microsoft
367089230,xBoxECommerce,Ewager1/xBoxECommerce,69365623,https://github.com/Ewager1/xBoxECommerce,Sales platform for xbox360 games where user can view/filter/ and purchase games,2021-05-13T15:18:01Z,2021-05-13T15:18:03Z,2021-05-13T15:18:01Z,0,0,0,1,69365623,Ewager1,https://avatars.githubusercontent.com/u/69365623?v=4,https://github.com/Ewager1
275156526,xbox-resolver,lancremastered/xbox-resolver,57155926,https://github.com/lancremastered/xbox-resolver,Xbox Resolver ‚Äì Official Gamertag Resolver and IP Finder for Xbox,2020-06-26T12:58:30Z,2021-05-13T16:28:44Z,2021-05-13T16:28:42Z,0,0,0,2,57155926,lancremastered,https://avatars.githubusercontent.com/u/57155926?v=4,https://github.com/lancremastered
366598069,xboxos,pixdoet/xboxos,63037136,https://github.com/pixdoet/xboxos,"Xbox os, a reskin of command.com on ms-dos 1.25",2021-05-12T05:04:56Z,2021-05-13T06:17:44Z,2021-05-13T06:17:42Z,0,0,0,1,63037136,pixdoet,https://avatars.githubusercontent.com/u/63037136?v=4,https://github.com/pixdoet
147811325,Ardwiino,sanjay900/Ardwiino,1862720,https://github.com/sanjay900/Ardwiino,An AVR program for using AVR microcontrollers as PC Xbox 360 Controllers,2018-09-07T10:55:05Z,2021-05-13T03:35:18Z,2021-05-13T03:35:29Z,12,3,1,3,1862720,sanjay900,https://avatars.githubusercontent.com/u/1862720?v=4,https://github.com/sanjay900
366812824,XB1ControllerLinuxDriver,GauravK28/XB1ControllerLinuxDriver,49848059,https://github.com/GauravK28/XB1ControllerLinuxDriver,Linux Driver for the Xbox One Wired Controller,2021-05-12T18:21:46Z,2021-05-12T18:21:49Z,2021-05-12T18:21:47Z,0,0,0,1,49848059,GauravK28,https://avatars.githubusercontent.com/u/49848059?v=4,https://github.com/GauravK28
366758665,xbox,maleks1983/xbox,56886153,https://github.com/maleks1983/xbox,,2021-05-12T15:13:33Z,2021-05-12T15:15:47Z,2021-05-12T15:15:45Z,0,0,0,1,56886153,maleks1983,https://avatars.githubusercontent.com/u/56886153?v=4,https://github.com/maleks1983
262093083,YTGameBarOverlay,MarconiGRF/YTGameBarOverlay,18905896,https://github.com/MarconiGRF/YTGameBarOverlay,"A Youtube videos' playback implementation aimed to be used as an overlay during gameplays, developed on top of Xbox Game Bar SDK.",2020-05-07T15:49:14Z,2021-05-27T04:13:57Z,2021-05-12T05:39:53Z,9,2,4,1,18905896,MarconiGRF,https://avatars.githubusercontent.com/u/18905896?v=4,https://github.com/MarconiGRF
37679563,directx-vs-templates,walbourn/directx-vs-templates,11866002,https://github.com/walbourn/directx-vs-templates,Direct3D Visual Studio Templates,2015-06-18T19:15:37Z,2021-05-20T11:30:51Z,2021-05-12T04:13:07Z,212,40,7,14,11866002,walbourn,https://avatars.githubusercontent.com/u/11866002?v=4,https://github.com/walbourn
366580817,xbox-games-sales-analysis,ilce-catbug/xbox-games-sales-analysis,84050166,https://github.com/ilce-catbug/xbox-games-sales-analysis,,2021-05-12T03:26:53Z,2021-05-12T03:43:22Z,2021-05-13T06:03:17Z,0,0,0,1,84050166,ilce-catbug,https://avatars.githubusercontent.com/u/84050166?v=4,https://github.com/ilce-catbug
168167278,homebridge-smartglass,unknownskl/homebridge-smartglass,343616,https://github.com/unknownskl/homebridge-smartglass,This module is an Accessory plugin for Homebridge which allows you to control your Xbox One using Homekit and the new Remote control introduced in iOS 12.2.,2019-01-29T14:22:08Z,2021-05-28T22:40:20Z,2021-05-28T22:40:17Z,13,8,4,5,343616,unknownskl,https://avatars.githubusercontent.com/u/343616?v=4,https://github.com/unknownskl
366527569,Xbox-,akmalsaputrakey/Xbox-,72041576,https://github.com/akmalsaputrakey/Xbox-,,2021-05-11T22:26:08Z,2021-05-11T22:26:11Z,2021-05-11T22:26:09Z,0,0,0,1,72041576,akmalsaputrakey,https://avatars.githubusercontent.com/u/72041576?v=4,https://github.com/akmalsaputrakey
360289262,RB3-X360-Keyboard,TheNathannator/RB3-X360-Keyboard,29052821,https://github.com/TheNathannator/RB3-X360-Keyboard,"A personal project involving the RB3 Xbox 360 keyboard, with a goal of making it usable with other programs while connected to an Xbox 360 receiver.",2021-04-21T19:52:03Z,2021-05-11T22:28:01Z,2021-05-11T22:27:59Z,0,0,0,1,29052821,TheNathannator,https://avatars.githubusercontent.com/u/29052821?v=4,https://github.com/TheNathannator
285054379,generic-webdriver-server,google/generic-webdriver-server,1342004,https://github.com/google/generic-webdriver-server,"A generic WebDriver server framework for use with Karma and Selenium, with backends for ChromeOS, Chromecast, Tizen, and Xbox One.",2020-08-04T17:40:43Z,2021-05-18T10:11:21Z,2021-05-11T21:33:49Z,8,9,2,5,1342004,google,https://avatars.githubusercontent.com/u/1342004?v=4,https://github.com/google
125562423,xbox-webapi-python,OpenXbox/xbox-webapi-python,31669505,https://github.com/OpenXbox/xbox-webapi-python,A python library to authenticate with Xbox Live via your Microsoft Account and provides Xbox related Web-API.,2018-03-16T19:43:18Z,2021-05-11T20:41:35Z,2021-05-11T20:41:32Z,81,26,5,5,31669505,OpenXbox,https://avatars.githubusercontent.com/u/31669505?v=4,https://github.com/OpenXbox
366430696,XboxMiner,CrispyyBaconx/XboxMiner,69056746,https://github.com/CrispyyBaconx/XboxMiner,,2021-05-11T15:28:30Z,2021-05-11T15:28:30Z,2021-05-11T15:28:31Z,0,0,0,1,69056746,CrispyyBaconx,https://avatars.githubusercontent.com/u/69056746?v=4,https://github.com/CrispyyBaconx
336916125,Xbox-Rich-Presence-Discord,BasementSoftwareTeam/Xbox-Rich-Presence-Discord,78714434,https://github.com/BasementSoftwareTeam/Xbox-Rich-Presence-Discord,Xbox Rich Presence for your Discord status!,2021-02-07T23:53:34Z,2021-05-11T13:45:48Z,2021-05-11T13:45:45Z,2,0,0,1,78714434,BasementSoftwareTeam,https://avatars.githubusercontent.com/u/78714434?v=4,https://github.com/BasementSoftwareTeam
20453653,gamepad.js,Tom32i/gamepad.js,1846873,https://github.com/Tom32i/gamepad.js,A simple HTML5 Gamepad handler that provides keyboard-like events for Gamepad sticks and buttons.,2014-06-03T18:07:35Z,2021-05-11T10:41:37Z,2021-05-11T10:41:52Z,15,6,2,3,1846873,Tom32i,https://avatars.githubusercontent.com/u/1846873?v=4,https://github.com/Tom32i
336322418,EyeTrackingTestRig,Gleason-Institute-Org/EyeTrackingTestRig,78581654,https://github.com/Gleason-Institute-Org/EyeTrackingTestRig,The Eye Tracker Test Rig is a robotic device that utilizes a set of artificial eyes and an artificial face to both manually and autonomously control a Surface Laptop via interface with a remote eye tracker. The rig features 3-axes of translational motion and 2-axes of rotational motion. The combination of these axes is intended to provide human-like motion for the artificial eyes and face. The rig is controlled via an Arduino Mega and features manual control via an Xbox controller.,2021-02-05T16:13:36Z,2021-05-10T21:18:29Z,2021-05-10T21:19:00Z,0,0,0,1,78581654,Gleason-Institute-Org,https://avatars.githubusercontent.com/u/78581654?v=4,https://github.com/Gleason-Institute-Org
364766707,xbox-clips,mwilde345/xbox-clips,14795921,https://github.com/mwilde345/xbox-clips,do stuff with xbox live clips,2021-05-06T02:53:27Z,2021-05-10T14:56:28Z,2021-05-10T14:56:25Z,0,0,0,1,14795921,mwilde345,https://avatars.githubusercontent.com/u/14795921?v=4,https://github.com/mwilde345
366105355,Discord-tools-token-grabber,Ceohh/Discord-tools-token-grabber,82946158,https://github.com/Ceohh/Discord-tools-token-grabber,This is a discord token grabber and Xbox gamertag checker that i made,2021-05-10T16:20:47Z,2021-05-13T21:30:09Z,2021-05-10T16:22:51Z,1,0,0,1,82946158,Ceohh,https://avatars.githubusercontent.com/u/82946158?v=4,https://github.com/Ceohh
177862490,NevolutionX,dracc/NevolutionX,1279635,https://github.com/dracc/NevolutionX,Original Xbox dashboard created with nxdk,2019-03-26T20:19:06Z,2021-05-12T18:25:19Z,2021-05-23T21:29:52Z,35,14,7,12,1279635,dracc,https://avatars.githubusercontent.com/u/1279635?v=4,https://github.com/dracc
364421517,xbox-dashboard,brunomart97/xbox-dashboard,67600534,https://github.com/brunomart97/xbox-dashboard,Xbox game dashboard.,2021-05-05T00:26:03Z,2021-05-10T13:07:08Z,2021-05-10T13:07:06Z,1,0,0,1,67600534,brunomart97,https://avatars.githubusercontent.com/u/67600534?v=4,https://github.com/brunomart97
364283768,gdump,tunip3/gdump,26260613,https://github.com/tunip3/gdump,Dump your Xbox game disks to usb,2021-05-04T14:29:18Z,2021-05-22T18:37:55Z,2021-05-10T12:58:08Z,5,1,0,2,26260613,tunip3,https://avatars.githubusercontent.com/u/26260613?v=4,https://github.com/tunip3
280667717,Widgets-For-Xbox-Gamebar,Hibzz-Games/Widgets-For-Xbox-Gamebar,77103644,https://github.com/Hibzz-Games/Widgets-For-Xbox-Gamebar,This repository contains all widgets made for the Xbox Gamebar by hibzz.games,2020-07-18T14:00:00Z,2021-05-10T09:46:11Z,2021-05-10T09:40:24Z,0,0,0,1,77103644,Hibzz-Games,https://avatars.githubusercontent.com/u/77103644?v=4,https://github.com/Hibzz-Games
365975174,Xbox_site,michalziom29/Xbox_site,75979414,https://github.com/michalziom29/Xbox_site,10/05/21,2021-05-10T08:43:16Z,2021-05-10T08:43:16Z,2021-05-10T08:43:17Z,0,0,0,1,75979414,michalziom29,https://avatars.githubusercontent.com/u/75979414?v=4,https://github.com/michalziom29
365838769,PS5-Xbox-SCSS,abdallahibraheemsalameh/PS5-Xbox-SCSS,58572373,https://github.com/abdallahibraheemsalameh/PS5-Xbox-SCSS,,2021-05-09T20:09:06Z,2021-05-10T03:52:20Z,2021-05-10T03:52:18Z,0,0,0,1,58572373,abdallahibraheemsalameh,https://avatars.githubusercontent.com/u/58572373?v=4,https://github.com/abdallahibraheemsalameh
365851492,xbox-os-1.0,Julian-hooe/xbox-os-1.0,76853362,https://github.com/Julian-hooe/xbox-os-1.0,"classic, aint it?",2021-05-09T21:28:12Z,2021-05-09T21:30:27Z,2021-05-09T21:30:25Z,0,0,0,1,76853362,Julian-hooe,https://avatars.githubusercontent.com/u/76853362?v=4,https://github.com/Julian-hooe
164262051,f1-telemetry-client,racehub-io/f1-telemetry-client,63715817,https://github.com/racehub-io/f1-telemetry-client,A Node UDP client and telemetry parser for Codemaster's Formula 1 series of games,2019-01-06T00:19:11Z,2021-05-15T14:38:34Z,2021-05-09T21:22:55Z,77,21,4,10,63715817,racehub-io,https://avatars.githubusercontent.com/u/63715817?v=4,https://github.com/racehub-io
153337253,xbox-control-skill,tgru/xbox-control-skill,21686590,https://github.com/tgru/xbox-control-skill,Lets you control your xbox one by voice.,2018-10-16T18:49:26Z,2021-05-09T13:27:02Z,2021-05-09T13:27:00Z,3,0,3,0,21686590,tgru,https://avatars.githubusercontent.com/u/21686590?v=4,https://github.com/tgru
161007852,ogx360,Ryzee119/ogx360,21236406,https://github.com/Ryzee119/ogx360,Add Wireless Xbox 360 and 8bitdo Controller Support to your Original Xbox :tv: :video_game:,2018-12-09T05:32:32Z,2021-05-26T14:06:03Z,2021-05-06T22:30:53Z,209,36,5,22,21236406,Ryzee119,https://avatars.githubusercontent.com/u/21236406?v=4,https://github.com/Ryzee119
338701749,Xbox_360_Crypto,GoobyCorp/Xbox_360_Crypto,4142014,https://github.com/GoobyCorp/Xbox_360_Crypto,A collection of tools I've written for the Xbox 360,2021-02-14T00:48:53Z,2021-05-08T09:35:13Z,2021-05-08T09:35:11Z,7,1,0,1,4142014,GoobyCorp,https://avatars.githubusercontent.com/u/4142014?v=4,https://github.com/GoobyCorp
86524959,cozy-skateboard,PixnBits/cozy-skateboard,3945917,https://github.com/PixnBits/cozy-skateboard,A big remote-controlled car via Xbox One controller and Raspberry Pi.,2017-03-29T01:33:54Z,2021-05-08T05:58:33Z,2021-05-08T06:00:49Z,0,0,6,2,3945917,PixnBits,https://avatars.githubusercontent.com/u/3945917?v=4,https://github.com/PixnBits
74406109,xbox-live-api,microsoft/xbox-live-api,6154722,https://github.com/microsoft/xbox-live-api,"This repo contains the C++ and WinRT version of the Microsoft Xbox Live Service API (XSAPI) that enables game developers to access Xbox Live. To get access to the Xbox Live service, you can join the Xbox Live Creators Program at https://aka.ms/xblcp, or apply to the ID@Xbox program at http://www.xbox.com/en-us/Developers/id",2016-11-21T21:11:23Z,2021-05-13T23:30:55Z,2021-05-29T01:14:46Z,249,102,5,54,6154722,microsoft,https://avatars.githubusercontent.com/u/6154722?v=4,https://github.com/microsoft
114832844,SWBF2_Xbox_mod_effort,BAD-AL/SWBF2_Xbox_mod_effort,15147678,https://github.com/BAD-AL/SWBF2_Xbox_mod_effort,Files used to make SWBF2 mods work on Consoles,2017-12-20T02:21:09Z,2021-05-07T16:12:57Z,2021-05-07T16:12:55Z,4,1,0,1,15147678,BAD-AL,https://avatars.githubusercontent.com/u/15147678?v=4,https://github.com/BAD-AL
364971885,XEMU-DASH-XLINKKAI-SETUP-GUIDE,nowantny/XEMU-DASH-XLINKKAI-SETUP-GUIDE,32875116,https://github.com/nowantny/XEMU-DASH-XLINKKAI-SETUP-GUIDE,This is a complete comprehensive guide to help you setup your XEMU xbox emulator to work on Xlink Kai. Good Luck and Enjoy!,2021-05-06T16:25:22Z,2021-05-08T01:27:39Z,2021-05-06T17:08:20Z,2,1,0,1,32875116,nowantny,https://avatars.githubusercontent.com/u/32875116?v=4,https://github.com/nowantny
365165648,xboxing-hub,xboxing-hub/xboxing-hub,83810560,https://github.com/xboxing-hub/xboxing-hub,Config files for my GitHub profile.,2021-05-07T08:27:11Z,2021-05-07T08:27:21Z,2021-05-07T08:27:19Z,0,0,0,1,83810560,xboxing-hub,https://avatars.githubusercontent.com/u/83810560?v=4,https://github.com/xboxing-hub
364942519,xbox-free-pass-generator,azzeddine0696/xbox-free-pass-generator,80721686,https://github.com/azzeddine0696/xbox-free-pass-generator,,2021-05-06T14:42:28Z,2021-05-06T14:45:04Z,2021-05-06T14:45:02Z,0,0,0,1,80721686,azzeddine0696,https://avatars.githubusercontent.com/u/80721686?v=4,https://github.com/azzeddine0696
162640148,DQB2,turtle-insect/DQB2,30800900,https://github.com/turtle-insect/DQB2,Switch & Steam Dragon Quest Builders 2 SaveDate Editor,2018-12-20T23:01:05Z,2021-05-09T00:42:40Z,2021-05-07T03:44:58Z,7,2,0,1,30800900,turtle-insect,https://avatars.githubusercontent.com/u/30800900?v=4,https://github.com/turtle-insect
364736868,Xbox_Series_X_Estoque,GaberRB/Xbox_Series_X_Estoque,28874479,https://github.com/GaberRB/Xbox_Series_X_Estoque,,2021-05-06T00:04:13Z,2021-05-07T03:43:41Z,2021-05-07T03:43:39Z,0,0,0,1,28874479,GaberRB,https://avatars.githubusercontent.com/u/28874479?v=4,https://github.com/GaberRB
364903658,Xbox_PS5_StockCheckerBot,ShyhiemGilbert/Xbox_PS5_StockCheckerBot,42538473,https://github.com/ShyhiemGilbert/Xbox_PS5_StockCheckerBot,Code Tweaked for UK stores from Jef LeCompte StreetMerchant,2021-05-06T12:32:33Z,2021-05-06T14:34:49Z,2021-05-28T06:36:59Z,0,0,12,1,42538473,ShyhiemGilbert,https://avatars.githubusercontent.com/u/42538473?v=4,https://github.com/ShyhiemGilbert
342703976,minecraftbedrockpacks,fleckm210/minecraftbedrockpacks,57604270,https://github.com/fleckm210/minecraftbedrockpacks,for xbox one,2021-02-26T21:19:36Z,2021-05-07T16:36:47Z,2021-05-07T16:36:45Z,0,0,0,1,57604270,fleckm210,https://avatars.githubusercontent.com/u/57604270?v=4,https://github.com/fleckm210
364838777,ITS-Xbox,interactive3d/ITS-Xbox,2531823,https://github.com/interactive3d/ITS-Xbox,,2021-05-06T08:29:09Z,2021-05-06T09:21:45Z,2021-05-06T09:21:43Z,0,0,0,1,2531823,interactive3d,https://avatars.githubusercontent.com/u/2531823?v=4,https://github.com/interactive3d
359916813,Completionist_Backend,pratikbaid3/Completionist_Backend,52864956,https://github.com/pratikbaid3/Completionist_Backend,Backend for the Completionist flutter app written in Django,2021-04-20T18:38:53Z,2021-05-06T11:44:24Z,2021-05-06T11:40:08Z,0,1,0,1,52864956,pratikbaid3,https://avatars.githubusercontent.com/u/52864956?v=4,https://github.com/pratikbaid3
364840893,Xbox4KpsX,Xbox4KpsX/Xbox4KpsX,69784602,https://github.com/Xbox4KpsX/Xbox4KpsX,Config files for my GitHub profile.,2021-05-06T08:36:06Z,2021-05-06T08:36:15Z,2021-05-06T08:36:12Z,0,0,0,1,69784602,Xbox4KpsX,https://avatars.githubusercontent.com/u/69784602?v=4,https://github.com/Xbox4KpsX
358151639,xbox,shankaravi6/xbox,69907363,https://github.com/shankaravi6/xbox,Microsoft Xbox,2021-04-15T06:29:15Z,2021-05-06T07:13:49Z,2021-05-06T07:13:47Z,0,0,0,1,69907363,shankaravi6,https://avatars.githubusercontent.com/u/69907363?v=4,https://github.com/shankaravi6
212426223,XboxGameBarSamples,microsoft/XboxGameBarSamples,6154722,https://github.com/microsoft/XboxGameBarSamples,Sample code for Xbox Game Bar Widgets,2019-10-02T19:38:24Z,2021-05-26T03:57:56Z,2021-05-05T19:26:30Z,68,17,23,17,6154722,microsoft,https://avatars.githubusercontent.com/u/6154722?v=4,https://github.com/microsoft
364641027,xboxone08,xboxone08/xboxone08,70237427,https://github.com/xboxone08/xboxone08,Config files for my GitHub profile.,2021-05-05T16:31:54Z,2021-05-05T16:33:43Z,2021-05-05T16:33:41Z,0,0,0,1,70237427,xboxone08,https://avatars.githubusercontent.com/u/70237427?v=4,https://github.com/xboxone08
87511989,PovertyPong,tung362/PovertyPong,14098872,https://github.com/tung362/PovertyPong,"Written in Javascript - 1 month project 2015. 2 game modes: 3D pong game, and 2D fast pace arena platforming pong game where player defends and try to hit the ball into a small hole on each end of the players sides - Xbox Controller supported",2017-04-07T06:21:17Z,2021-05-05T16:12:38Z,2021-05-05T16:12:34Z,0,0,0,1,14098872,tung362,https://avatars.githubusercontent.com/u/14098872?v=4,https://github.com/tung362
360661352,xcloud-desktop,AAGaming00/xcloud-desktop,42613600,https://github.com/AAGaming00/xcloud-desktop,A Desktop app for the XCloud web beta.,2021-04-22T19:34:57Z,2021-05-14T19:47:14Z,2021-05-05T14:19:55Z,5,0,1,1,42613600,AAGaming00,https://avatars.githubusercontent.com/u/42613600?v=4,https://github.com/AAGaming00
364318859,BlueGradiusSkin,Sayt123/BlueGradiusSkin,25940937,https://github.com/Sayt123/BlueGradiusSkin,"My old Blue Gradius skin for UnleashX, original Xbox modded dashboard. May work on this sometime. ",2021-05-04T16:27:19Z,2021-05-04T16:27:45Z,2021-05-04T16:31:02Z,0,0,0,1,25940937,Sayt123,https://avatars.githubusercontent.com/u/25940937?v=4,https://github.com/Sayt123
364426525,FileExplorer,eldun/FileExplorer,9684691,https://github.com/eldun/FileExplorer,FileExplorer is a free UWP app that fills the void Microsoft created when they removed their file explorer from the Xbox One.,2021-05-05T00:58:07Z,2021-05-05T02:03:49Z,2021-05-05T02:03:47Z,0,0,0,1,9684691,eldun,https://avatars.githubusercontent.com/u/9684691?v=4,https://github.com/eldun
364055514,XboxSeriesChecker,atlee19/XboxSeriesChecker,30858198,https://github.com/atlee19/XboxSeriesChecker,bot to check if either of the xbox series S | X is in stock ,2021-05-03T20:40:21Z,2021-05-04T16:24:38Z,2021-05-04T16:24:35Z,1,0,0,1,30858198,atlee19,https://avatars.githubusercontent.com/u/30858198?v=4,https://github.com/atlee19
364198677,native-xbox,tomekfel/native-xbox,22069172,https://github.com/tomekfel/native-xbox,,2021-05-04T09:05:24Z,2021-05-04T09:08:01Z,2021-05-04T09:07:59Z,0,0,0,1,22069172,tomekfel,https://avatars.githubusercontent.com/u/22069172?v=4,https://github.com/tomekfel
48089682,xboxdrv.config,piedar/xboxdrv.config,1828312,https://github.com/piedar/xboxdrv.config,Repository of xboxdrv config files for non-standard controllers and adapters.,2015-12-16T05:30:49Z,2021-05-04T15:05:26Z,2021-05-04T15:05:22Z,2,4,2,3,1828312,piedar,https://avatars.githubusercontent.com/u/1828312?v=4,https://github.com/piedar
364155292,xbox,Novikov-sep/xbox,82806052,https://github.com/Novikov-sep/xbox,,2021-05-04T06:01:38Z,2021-05-04T06:02:40Z,2021-05-04T06:02:38Z,0,0,0,1,82806052,Novikov-sep,https://avatars.githubusercontent.com/u/82806052?v=4,https://github.com/Novikov-sep
261860028,CenturyPackageBO1,itacentury/CenturyPackageBO1,25178911,https://github.com/itacentury/CenturyPackageBO1,(PS3 XBOX PC)Bo1 GSC Menu. For Trickshotting & Feeding / Sniping. Shake like experience.,2020-05-06T19:32:40Z,2021-05-03T19:08:11Z,2021-05-19T07:55:24Z,1,0,0,1,25178911,itacentury,https://avatars.githubusercontent.com/u/25178911?v=4,https://github.com/itacentury
359536544,ROS_XboxControl,jantolsen/ROS_XboxControl,26305545,https://github.com/jantolsen/ROS_XboxControl,,2021-04-19T17:04:00Z,2021-05-03T17:28:04Z,2021-05-03T17:28:02Z,0,0,0,1,26305545,jantolsen,https://avatars.githubusercontent.com/u/26305545?v=4,https://github.com/jantolsen
306930988,XboxControllerAsMouse,OwenSteele/XboxControllerAsMouse,69539828,https://github.com/OwenSteele/XboxControllerAsMouse,use and XBOX360/XBOXONE controller as your mouse,2020-10-24T17:01:48Z,2021-05-03T17:12:06Z,2021-05-03T17:12:04Z,0,0,0,1,69539828,OwenSteele,https://avatars.githubusercontent.com/u/69539828?v=4,https://github.com/OwenSteele
114890006,Play,UltraStar-Deluxe/Play,14081739,https://github.com/UltraStar-Deluxe/Play,"The free and open source karaoke singing game UltraStar Play for Windows, Linux, Android, Xbox, PlayStation and other platforms.",2017-12-20T13:23:22Z,2021-05-25T00:41:26Z,2021-05-03T15:18:55Z,106,35,27,23,14081739,UltraStar-Deluxe,https://avatars.githubusercontent.com/u/14081739?v=4,https://github.com/UltraStar-Deluxe
363895262,stockchecker,ShyhiemGilbert/stockchecker,42538473,https://github.com/ShyhiemGilbert/stockchecker,Stock checker for Xbox Series X// tweaked streetmerchant,2021-05-03T10:37:36Z,2021-05-03T10:37:36Z,2021-05-03T10:37:37Z,0,0,0,1,42538473,ShyhiemGilbert,https://avatars.githubusercontent.com/u/42538473?v=4,https://github.com/ShyhiemGilbert
299410291,Xbox-controller,ReactGA/Xbox-controller,61600583,https://github.com/ReactGA/Xbox-controller,Xbox controller ,2020-09-28T19:23:18Z,2021-05-03T14:48:54Z,2021-05-03T14:48:52Z,0,0,0,1,61600583,ReactGA,https://avatars.githubusercontent.com/u/61600583?v=4,https://github.com/ReactGA
363921987,xbox-games-with-gold-claimer-testing,ReenigneArcher/xbox-games-with-gold-claimer-testing,42013603,https://github.com/ReenigneArcher/xbox-games-with-gold-claimer-testing,,2021-05-03T12:27:26Z,2021-05-03T12:31:09Z,2021-05-03T12:31:07Z,0,0,0,1,42013603,ReenigneArcher,https://avatars.githubusercontent.com/u/42013603?v=4,https://github.com/ReenigneArcher
227398531,extension-gamestore-xbox,Nexus-Mods/extension-gamestore-xbox,17085531,https://github.com/Nexus-Mods/extension-gamestore-xbox,,2019-12-11T15:29:43Z,2021-05-03T07:28:31Z,2021-05-03T07:28:40Z,0,0,0,6,17085531,Nexus-Mods,https://avatars.githubusercontent.com/u/17085531?v=4,https://github.com/Nexus-Mods
363793876,xbox-apps,becomingPro/xbox-apps,69733382,https://github.com/becomingPro/xbox-apps,,2021-05-03T02:06:25Z,2021-05-03T02:06:28Z,2021-05-03T02:06:26Z,0,0,0,1,69733382,becomingPro,https://avatars.githubusercontent.com/u/69733382?v=4,https://github.com/becomingPro
51252572,Scozzard.Model,scozzard/Scozzard.Model,4377154,https://github.com/scozzard/Scozzard.Model,A old half-baked attempt at creating a xbox api powered website with background sync tasks.,2016-02-07T15:30:27Z,2021-05-03T00:15:21Z,2021-05-03T00:15:30Z,0,0,0,1,4377154,scozzard,https://avatars.githubusercontent.com/u/4377154?v=4,https://github.com/scozzard
363776619,supreme-dollop,dereckvincent/supreme-dollop,83536412,https://github.com/dereckvincent/supreme-dollop,Xbox Controler,2021-05-03T00:07:50Z,2021-05-14T09:33:16Z,2021-05-15T11:05:18Z,0,0,0,1,83536412,dereckvincent,https://avatars.githubusercontent.com/u/83536412?v=4,https://github.com/dereckvincent
362092964,xbox-scraper,Chelsea31/xbox-scraper,31530304,https://github.com/Chelsea31/xbox-scraper,"A jab at automating the tedious process of finding a Xbox Series X in India. Includes Amazon, Flipkart and Reliance Digital",2021-04-27T11:48:48Z,2021-04-27T12:20:44Z,2021-04-27T12:20:42Z,0,0,1,1,31530304,Chelsea31,https://avatars.githubusercontent.com/u/31530304?v=4,https://github.com/Chelsea31
361215729,html-gamepad-boilerplate,marutimuthu/html-gamepad-boilerplate,29796212,https://github.com/marutimuthu/html-gamepad-boilerplate,"Super simple html boiler for your gamepad (xbox, ps4, generic). To be used on Chrome.",2021-04-24T16:47:21Z,2021-04-27T09:47:42Z,2021-04-25T17:41:29Z,2,0,0,1,29796212,marutimuthu,https://avatars.githubusercontent.com/u/29796212?v=4,https://github.com/marutimuthu
360886730,xresolver,lancremastered/xresolver,57155926,https://github.com/lancremastered/xresolver,xResolver - Xbox Resolver and PSN Resolver with Gamertag IP Puller,2021-04-23T13:05:05Z,2021-04-27T10:38:48Z,2021-04-27T10:38:37Z,0,0,0,1,57155926,lancremastered,https://avatars.githubusercontent.com/u/57155926?v=4,https://github.com/lancremastered
359304751,xboxGamesDB,Jaredburris1/xboxGamesDB,39603873,https://github.com/Jaredburris1/xboxGamesDB,MongoDB/Realm/Node.js command line interface to hold my xbox games.,2021-04-19T02:25:19Z,2021-04-19T03:04:12Z,2021-04-25T08:24:27Z,0,0,0,1,39603873,Jaredburris1,https://avatars.githubusercontent.com/u/39603873?v=4,https://github.com/Jaredburris1
360301868,BittleXboxController,EnriqueMoran/BittleXboxController,23556800,https://github.com/EnriqueMoran/BittleXboxController,Control your Bittle using Xbox One controller.,2021-04-21T20:46:15Z,2021-04-27T11:02:13Z,2021-04-27T11:02:11Z,0,0,0,1,23556800,EnriqueMoran,https://avatars.githubusercontent.com/u/23556800?v=4,https://github.com/EnriqueMoran
232127955,remote-gb,Mari-W/remote-gb,32612440,https://github.com/Mari-W/remote-gb,Use Coffee GB with XBox controller.,2020-01-06T15:20:37Z,2020-01-06T16:03:21Z,2021-04-26T19:51:22Z,0,0,2,2,32612440,Mari-W,https://avatars.githubusercontent.com/u/32612440?v=4,https://github.com/Mari-W
361883721,xbox_controller_to_switch,edwinclement08/xbox_controller_to_switch,9532892,https://github.com/edwinclement08/xbox_controller_to_switch,,2021-04-26T20:22:58Z,2021-04-26T20:25:21Z,2021-04-26T20:25:19Z,0,0,0,1,9532892,edwinclement08,https://avatars.githubusercontent.com/u/9532892?v=4,https://github.com/edwinclement08
361904483,Gesture-Based-UI-Project,BenasPelakauskas/Gesture-Based-UI-Project,37144809,https://github.com/BenasPelakauskas/Gesture-Based-UI-Project,Using Xbox 360 Kinect & Voice commands - Unity3D,2021-04-26T21:57:11Z,2021-04-26T22:41:46Z,2021-04-26T22:41:44Z,0,0,0,1,37144809,BenasPelakauskas,https://avatars.githubusercontent.com/u/37144809?v=4,https://github.com/BenasPelakauskas
353238589,microsoft-xbox,smrahman0009/microsoft-xbox,35715315,https://github.com/smrahman0009/microsoft-xbox,,2021-03-31T05:37:12Z,2021-04-06T05:57:44Z,2021-04-25T08:19:35Z,0,0,0,1,35715315,smrahman0009,https://avatars.githubusercontent.com/u/35715315?v=4,https://github.com/smrahman0009
361042423,RXI,frissyn/RXI,62220201,https://github.com/frissyn/RXI,üéÆ ‚ö° Ruby FFI for interacting with Xbox controllers on Windows.,2021-04-24T01:13:15Z,2021-05-04T13:17:36Z,2021-04-25T17:47:05Z,9,0,0,1,62220201,frissyn,https://avatars.githubusercontent.com/u/62220201?v=4,https://github.com/frissyn
361859364,FinalTimePsAndXbox,DevolperCG/FinalTimePsAndXbox,70343314,https://github.com/DevolperCG/FinalTimePsAndXbox,,2021-04-26T18:47:34Z,2021-04-26T18:47:58Z,2021-04-26T18:47:56Z,0,0,0,1,70343314,DevolperCG,https://avatars.githubusercontent.com/u/70343314?v=4,https://github.com/DevolperCG
361274409,ethbox,MichaelLF107/ethbox,83142450,https://github.com/MichaelLF107/ethbox,Etherium miner for the XBOX One and Series,2021-04-24T21:53:18Z,2021-04-24T21:53:21Z,2021-04-24T21:53:19Z,0,0,1,1,83142450,MichaelLF107,https://avatars.githubusercontent.com/u/83142450?v=4,https://github.com/MichaelLF107
361233626,xboxdrv,jacobmischka/xboxdrv,3939997,https://github.com/jacobmischka/xboxdrv,,2021-04-24T18:11:11Z,2021-04-24T18:12:13Z,2021-04-24T18:12:10Z,0,0,0,1,3939997,jacobmischka,https://avatars.githubusercontent.com/u/3939997?v=4,https://github.com/jacobmischka
